machine,instance,temperature
0,0,-85.0
0,30,-86.4
0,60,-84.9
0,90,-82.7
0,120,-84.7
0,150,-87.3
0,180,-92.6
0,210,-81.5
0,240,-85.4
0,270,-85.1
0,300,-82.4
0,330,-89.2
0,360,-83.9
0,390,-85.8
0,420,-82.2
0,450,-83.0
0,480,-85.9
0,510,-79.0
0,540,-85.0
0,570,-88.8
0,600,-88.4
0,630,-84.5
0,660,-88.1
0,690,-82.1
0,720,-83.9
0,750,-82.6
0,780,-90.9
0,810,-81.3
0,840,-83.0
0,870,-83.0
0,900,-83.1
0,930,-82.8
0,960,-85.3
0,990,-79.9
0,1020,-85.0
0,1050,-80.2
0,1080,-88.5
0,1110,-82.6
0,1140,-88.6
0,1170,-86.3
0,1200,-86.3
0,1230,-89.0
0,1260,-87.0
0,1290,-87.4
0,1320,-92.4
0,1350,-86.2
0,1380,-87.1
0,1410,-83.5
0,1440,-85.6
0,1470,-89.2
0,1500,-86.6
0,1530,-83.9
0,1560,-84.9
0,1590,-86.6
0,1620,-82.9
0,1650,-84.3
0,1680,-86.0
0,1710,-83.4
0,1740,-86.0
0,1770,-83.8
0,1800,-81.3
0,1830,-87.2
0,1860,-85.4
0,1890,-85.6
0,1920,-89.9
0,1950,-78.1
0,1980,-86.0
0,2010,-84.3
0,2040,-83.6
0,2070,-75.3
0,2100,-84.1
0,2130,-79.9
0,2160,-87.2
0,2190,-83.3
0,2220,-85.9
0,2250,-82.1
0,2280,-90.4
0,2310,-81.5
0,2340,-84.3
0,2370,-81.8
0,2400,-83.0
0,2430,-88.7
0,2460,-83.5
0,2490,-84.3
0,2520,-82.4
0,2550,-86.6
0,2580,-84.5
0,2610,-86.8
0,2640,-88.2
0,2670,-87.1
0,2700,-87.3
0,2730,-88.9
0,2760,-88.5
0,2790,-80.5
0,2820,-89.2
0,2850,-76.8
0,2880,-86.8
0,2910,-80.7
0,2940,-83.4
0,2970,-83.6
0,3000,-84.3
0,3030,-87.7
0,3060,-81.7
0,3090,-84.7
0,3120,-86.4
0,3150,-85.6
0,3180,-84.7
0,3210,-83.1
0,3240,-84.4
0,3270,-82.4
0,3300,-87.6
0,3330,-87.6
0,3360,-84.8
0,3390,-77.1
0,3420,-81.8
0,3450,-84.8
0,3480,-87.9
0,3510,-87.0
0,3540,-88.1
0,3570,-91.0
0,3600,-90.9
0,3630,-87.8
0,3660,-82.1
0,3690,-83.9
0,3720,-91.5
0,3750,-85.6
0,3780,-89.1
0,3810,-82.5
0,3840,-82.2
0,3870,-83.9
0,3900,-80.9
0,3930,-84.4
0,3960,-85.4
0,3990,-83.8
0,4020,-83.9
0,4050,-83.8
0,4080,-79.4
0,4110,-82.1
0,4140,-82.3
0,4170,-83.4
0,4200,-79.5
0,4230,-84.6
0,4260,-82.8
0,4290,-90.3
0,4320,-85.2
0,4350,-88.6
0,4380,-79.5
0,4410,-85.5
0,4440,-87.1
0,4470,-89.3
0,4500,-79.3
0,4530,-87.7
0,4560,-84.4
0,4590,-87.6
0,4620,-83.4
0,4650,-80.5
0,4680,-85.9
0,4710,-84.9
0,4740,-86.5
0,4770,-89.9
0,4800,-85.7
0,4830,-79.3
0,4860,-90.1
0,4890,-86.8
0,4920,-82.0
0,4950,-88.3
0,4980,-94.0
0,5010,-85.4
0,5040,-83.1
0,5070,-90.5
0,5100,-81.7
0,5130,-85.3
0,5160,-82.1
0,5190,-87.9
0,5220,-83.5
0,5250,-81.8
0,5280,-86.7
0,5310,-85.8
0,5340,-88.1
0,5370,-85.4
0,5400,-84.9
0,5430,-80.5
0,5460,-89.0
0,5490,-85.1
0,5520,-84.9
0,5550,-80.8
0,5580,-85.1
0,5610,-82.3
0,5640,-84.8
0,5670,-84.2
0,5700,-81.5
0,5730,-82.2
0,5760,-86.8
0,5790,-87.2
0,5820,-84.0
0,5850,-89.7
0,5880,-86.8
0,5910,-87.2
0,5940,-82.6
0,5970,-87.8
0,6000,-81.0
0,6030,-85.2
0,6060,-86.0
0,6090,-86.0
0,6120,-87.7
0,6150,-85.0
0,6180,-83.1
0,6210,-89.5
0,6240,-85.9
0,6270,-79.8
0,6300,-80.0
0,6330,-85.1
0,6360,-84.2
0,6390,-85.5
0,6420,-88.6
0,6450,-83.8
0,6480,-82.2
0,6510,-86.0
0,6540,-81.5
0,6570,-81.8
0,6600,-87.4
0,6630,-85.3
0,6660,-83.2
0,6690,-83.8
0,6720,-87.6
0,6750,-90.6
0,6780,-85.4
0,6810,-87.4
0,6840,-85.4
0,6870,-87.8
0,6900,-83.3
0,6930,-87.7
0,6960,-87.5
0,6990,-81.2
0,7020,-86.7
0,7050,-85.2
0,7080,-85.9
0,7110,-83.5
0,7140,-86.2
0,7170,-85.6
1,0,-87.9
1,30,-83.2
1,60,-88.7
1,90,-83.4
1,120,-88.8
1,150,-84.1
1,180,-85.7
1,210,-84.1
1,240,-89.8
1,270,-88.1
1,300,-82.4
1,330,-80.2
1,360,-80.9
1,390,-88.1
1,420,-86.3
1,450,-82.3
1,480,-82.0
1,510,-84.6
1,540,-91.9
1,570,-84.4
1,600,-85.3
1,630,-80.5
1,660,-88.4
1,690,-86.2
1,720,-81.5
1,750,-89.6
1,780,-87.8
1,810,-85.7
1,840,-82.1
1,870,-86.5
1,900,-90.4
1,930,-81.4
1,960,-85.5
1,990,-83.4
1,1020,-84.6
1,1050,-86.6
1,1080,-85.4
1,1110,-81.8
1,1140,-86.4
1,1170,-87.8
1,1200,-82.9
1,1230,-86.1
1,1260,-82.1
1,1290,-82.2
1,1320,-83.1
1,1350,-86.2
1,1380,-86.2
1,1410,-86.3
1,1440,-85.5
1,1470,-87.7
1,1500,-89.0
1,1530,-85.2
1,1560,-93.6
1,1590,-86.1
1,1620,-81.4
1,1650,-83.0
1,1680,-90.1
1,1710,-84.3
1,1740,-85.0
1,1770,-81.5
1,1800,-84.0
1,1830,-82.3
1,1860,-83.7
1,1890,-80.1
1,1920,-90.1
1,1950,-89.6
1,1980,-79.8
1,2010,-85.3
1,2040,-87.3
1,2070,-90.6
1,2100,-82.7
1,2130,-85.2
1,2160,-89.8
1,2190,-87.3
1,2220,-87.5
1,2250,-89.4
1,2280,-82.9
1,2310,-88.0
1,2340,-78.2
1,2370,-84.8
1,2400,-85.1
1,2430,-85.9
1,2460,-88.7
1,2490,-87.3
1,2520,-85.5
1,2550,-83.8
1,2580,-84.1
1,2610,-81.7
1,2640,-81.1
1,2670,-84.1
1,2700,-88.9
1,2730,-83.6
1,2760,-77.3
1,2790,-84.8
1,2820,-83.7
1,2850,-86.4
1,2880,-83.5
1,2910,-81.6
1,2940,-83.3
1,2970,-88.1
1,3000,-83.9
1,3030,-85.7
1,3060,-85.1
1,3090,-87.4
1,3120,-85.7
1,3150,-85.6
1,3180,-80.9
1,3210,-84.9
1,3240,-89.1
1,3270,-85.0
1,3300,-87.3
1,3330,-88.5
1,3360,-82.2
1,3390,-84.6
1,3420,-88.0
1,3450,-84.5
1,3480,-87.4
1,3510,-79.4
1,3540,-82.9
1,3570,-82.2
1,3600,-87.3
1,3630,-80.5
1,3660,-81.1
1,3690,-83.1
1,3720,-82.5
1,3750,-88.4
1,3780,-74.4
1,3810,-77.0
1,3840,-84.6
1,3870,-83.7
1,3900,-86.6
1,3930,-86.4
1,3960,-79.6
1,3990,-83.4
1,4020,-82.3
1,4050,-85.1
1,4080,-88.0
1,4110,-79.1
1,4140,-89.1
1,4170,-86.5
1,4200,-85.9
1,4230,-85.8
1,4260,-91.0
1,4290,-86.1
1,4320,-79.4
1,4350,-88.5
1,4380,-86.0
1,4410,-89.2
1,4440,-86.8
1,4470,-79.7
1,4500,-83.1
1,4530,-87.7
1,4560,-87.2
1,4590,-83.2
1,4620,-83.4
1,4650,-80.8
1,4680,-81.7
1,4710,-87.4
1,4740,-85.5
1,4770,-85.3
1,4800,-81.8
1,4830,-86.2
1,4860,-85.0
1,4890,-85.5
1,4920,-84.6
1,4950,-88.5
1,4980,-89.7
1,5010,-84.6
1,5040,-80.2
1,5070,-87.3
1,5100,-87.5
1,5130,-86.3
1,5160,-82.7
1,5190,-87.0
1,5220,-89.7
1,5250,-87.6
1,5280,-86.8
1,5310,-85.5
1,5340,-85.1
1,5370,-85.9
1,5400,-86.8
1,5430,-86.4
1,5460,-83.8
1,5490,-87.0
1,5520,-77.3
1,5550,-88.6
1,5580,-93.1
1,5610,-86.7
1,5640,-81.5
1,5670,-88.8
1,5700,-84.1
1,5730,-86.2
1,5760,-79.4
1,5790,-89.5
1,5820,-89.9
1,5850,-88.7
1,5880,-85.2
1,5910,-90.3
1,5940,-82.7
1,5970,-84.2
1,6000,-87.6
1,6030,-86.8
1,6060,-90.7
1,6090,-86.3
1,6120,-79.6
1,6150,-88.6
1,6180,-81.5
1,6210,-84.4
1,6240,-84.3
1,6270,-85.6
1,6300,-86.6
1,6330,-86.9
1,6360,-86.5
1,6390,-89.6
1,6420,-84.2
1,6450,-89.8
1,6480,-85.9
1,6510,-85.7
1,6540,-84.8
1,6570,-90.1
1,6600,-80.3
1,6630,-82.9
1,6660,-87.0
1,6690,-92.5
1,6720,-78.6
1,6750,-89.2
1,6780,-82.7
1,6810,-90.5
1,6840,-85.3
1,6870,-85.7
1,6900,-90.0
1,6930,-90.8
1,6960,-87.7
1,6990,-86.7
1,7020,-83.1
1,7050,-87.9
1,7080,-82.8
1,7110,-84.9
1,7140,-85.5
1,7170,-86.0
2,0,-82.6
2,30,-81.2
2,60,-78.8
2,90,-83.6
2,120,-91.0
2,150,-77.9
2,180,-84.1
2,210,-83.8
2,240,-82.1
2,270,-88.0
2,300,-84.5
2,330,-87.1
2,360,-83.9
2,390,-84.8
2,420,-82.7
2,450,-85.0
2,480,-81.9
2,510,-86.1
2,540,-85.6
2,570,-86.5
2,600,-83.5
2,630,-84.0
2,660,-88.4
2,690,-83.8
2,720,-85.7
2,750,-90.0
2,780,-84.2
2,810,-81.0
2,840,-86.1
2,870,-87.2
2,900,-86.8
2,930,-85.3
2,960,-83.3
2,990,-85.6
2,1020,-85.4
2,1050,-81.8
2,1080,-80.5
2,1110,-87.2
2,1140,-85.5
2,1170,-80.1
2,1200,-82.8
2,1230,-87.0
2,1260,-80.6
2,1290,-84.4
2,1320,-84.3
2,1350,-87.3
2,1380,-90.6
2,1410,-84.0
2,1440,-88.0
2,1470,-85.2
2,1500,-80.0
2,1530,-87.4
2,1560,-79.4
2,1590,-85.7
2,1620,-86.7
2,1650,-85.8
2,1680,-81.6
2,1710,-85.3
2,1740,-83.8
2,1770,-85.5
2,1800,-84.5
2,1830,-90.7
2,1860,-87.7
2,1890,-85.5
2,1920,-84.6
2,1950,-86.5
2,1980,-86.0
2,2010,-86.4
2,2040,-85.5
2,2070,-80.4
2,2100,-93.7
2,2130,-85.5
2,2160,-86.6
2,2190,-81.0
2,2220,-83.6
2,2250,-85.4
2,2280,-85.1
2,2310,-87.2
2,2340,-85.4
2,2370,-74.0
2,2400,-87.4
2,2430,-87.0
2,2460,-82.4
2,2490,-82.7
2,2520,-88.9
2,2550,-82.8
2,2580,-83.5
2,2610,-89.6
2,2640,-86.2
2,2670,-83.5
2,2700,-86.3
2,2730,-86.7
2,2760,-84.7
2,2790,-83.4
2,2820,-84.1
2,2850,-86.3
2,2880,-85.1
2,2910,-86.6
2,2940,-88.5
2,2970,-77.4
2,3000,-87.1
2,3030,-85.0
2,3060,-84.3
2,3090,-80.2
2,3120,-84.6
2,3150,-87.8
2,3180,-85.3
2,3210,-83.0
2,3240,-80.1
2,3270,-87.1
2,3300,-83.2
2,3330,-86.5
2,3360,-89.9
2,3390,-85.0
2,3420,-85.4
2,3450,-83.1
2,3480,-84.5
2,3510,-80.9
2,3540,-86.3
2,3570,-85.0
2,3600,-87.2
2,3630,-83.5
2,3660,-87.4
2,3690,-83.2
2,3720,-85.6
2,3750,-83.2
2,3780,-86.2
2,3810,-87.3
2,3840,-88.0
2,3870,-82.7
2,3900,-84.5
2,3930,-79.9
2,3960,-84.4
2,3990,-84.2
2,4020,-80.8
2,4050,-85.3
2,4080,-83.6
2,4110,-85.2
2,4140,-84.2
2,4170,-85.7
2,4200,-78.6
2,4230,-85.7
2,4260,-84.8
2,4290,-88.0
2,4320,-85.0
2,4350,-84.5
2,4380,-85.9
2,4410,-89.8
2,4440,-83.2
2,4470,-83.5
2,4500,-82.9
2,4530,-87.2
2,4560,-85.8
2,4590,-87.9
2,4620,-82.2
2,4650,-80.2
2,4680,-84.0
2,4710,-86.5
2,4740,-85.6
2,4770,-86.4
2,4800,-87.2
2,4830,-88.7
2,4860,-87.8
2,4890,-88.2
2,4920,-82.6
2,4950,-81.9
2,4980,-80.8
2,5010,-84.9
2,5040,-90.5
2,5070,-82.6
2,5100,-84.1
2,5130,-87.3
2,5160,-85.9
2,5190,-83.9
2,5220,-84.8
2,5250,-86.0
2,5280,-87.3
2,5310,-84.3
2,5340,-81.9
2,5370,-86.4
2,5400,-85.7
2,5430,-84.4
2,5460,-85.7
2,5490,-87.4
2,5520,-86.0
2,5550,-85.5
2,5580,-81.9
2,5610,-85.7
2,5640,-85.7
2,5670,-86.5
2,5700,-83.3
2,5730,-86.8
2,5760,-84.2
2,5790,-82.2
2,5820,-84.2
2,5850,-79.1
2,5880,-84.8
2,5910,-88.0
2,5940,-84.6
2,5970,-84.3
2,6000,-84.1
2,6030,-84.7
2,6060,-84.2
2,6090,-78.3
2,6120,-84.5
2,6150,-81.8
2,6180,-85.0
2,6210,-86.7
2,6240,-83.8
2,6270,-85.8
2,6300,-88.8
2,6330,-86.1
2,6360,-82.9
2,6390,-87.9
2,6420,-89.0
2,6450,-90.2
2,6480,-85.9
2,6510,-84.8
2,6540,-82.4
2,6570,-82.1
2,6600,-87.2
2,6630,-86.3
2,6660,-85.4
2,6690,-87.4
2,6720,-88.6
2,6750,-87.0
2,6780,-88.0
2,6810,-82.1
2,6840,-90.7
2,6870,-81.9
2,6900,-84.4
2,6930,-86.7
2,6960,-86.6
2,6990,-85.5
2,7020,-85.3
2,7050,-85.3
2,7080,-85.8
2,7110,-84.2
2,7140,-85.7
2,7170,-82.7
3,0,-82.0
3,30,-84.2
3,60,-88.0
3,90,-81.4
3,120,-91.4
3,150,-84.1
3,180,-89.7
3,210,-94.4
3,240,-87.4
3,270,-84.6
3,300,-83.8
3,330,-84.4
3,360,-85.5
3,390,-79.8
3,420,-78.2
3,450,-86.9
3,480,-82.5
3,510,-79.5
3,540,-90.4
3,570,-91.1
3,600,-87.9
3,630,-88.2
3,660,-85.7
3,690,-82.4
3,720,-78.8
3,750,-87.0
3,780,-80.3
3,810,-92.2
3,840,-84.2
3,870,-84.2
3,900,-89.7
3,930,-79.7
3,960,-81.2
3,990,-83.6
3,1020,-97.3
3,1050,-79.1
3,1080,-84.0
3,1110,-77.1
3,1140,-81.1
3,1170,-86.1
3,1200,-81.2
3,1230,-87.9
3,1260,-82.1
3,1290,-93.6
3,1320,-66.0
3,1350,-86.8
3,1380,-86.2
3,1410,-90.2
3,1440,-83.9
3,1470,-84.3
3,1500,-88.5
3,1530,-85.0
3,1560,-93.0
3,1590,-78.7
3,1620,-89.2
3,1650,-80.5
3,1680,-80.8
3,1710,-88.2
3,1740,-89.6
3,1770,-81.4
3,1800,-92.6
3,1830,-92.3
3,1860,-82.4
3,1890,-80.4
3,1920,-82.7
3,1950,-78.4
3,1980,-96.4
3,2010,-78.0
3,2040,-95.4
3,2070,-83.1
3,2100,-89.4
3,2130,-79.9
3,2160,-78.7
3,2190,-83.0
3,2220,-84.3
3,2250,-88.0
3,2280,-91.7
3,2310,-87.4
3,2340,-82.2
3,2370,-77.3
3,2400,-85.4
3,2430,-87.1
3,2460,-96.8
3,2490,-93.2
3,2520,-88.0
3,2550,-84.6
3,2580,-88.8
3,2610,-89.4
3,2640,-83.5
3,2670,-88.6
3,2700,-86.4
3,2730,-76.5
3,2760,-85.3
3,2790,-80.5
3,2820,-84.3
3,2850,-82.1
3,2880,-84.6
3,2910,-83.6
3,2940,-87.6
3,2970,-82.1
3,3000,-82.9
3,3030,-92.0
3,3060,-90.4
3,3090,-78.7
3,3120,-92.0
3,3150,-96.3
3,3180,-83.6
3,3210,-83.3
3,3240,-90.1
3,3270,-81.2
3,3300,-87.1
3,3330,-87.6
3,3360,-86.6
3,3390,-89.5
3,3420,-81.7
3,3450,-88.2
3,3480,-78.8
3,3510,-80.9
3,3540,-91.7
3,3570,-80.6
3,3600,-73.7
3,3630,-81.2
3,3660,-86.7
3,3690,-79.5
3,3720,-78.4
3,3750,-86.1
3,3780,-79.5
3,3810,-96.5
3,3840,-87.4
3,3870,-90.5
3,3900,-92.1
3,3930,-79.4
3,3960,-85.2
3,3990,-92.1
3,4020,-89.5
3,4050,-82.1
3,4080,-85.8
3,4110,-79.8
3,4140,-89.2
3,4170,-81.7
3,4200,-87.8
3,4230,-82.1
3,4260,-85.5
3,4290,-84.6
3,4320,-83.2
3,4350,-83.0
3,4380,-94.7
3,4410,-77.0
3,4440,-87.1
3,4470,-83.8
3,4500,-87.7
3,4530,-88.5
3,4560,-69.3
3,4590,-85.0
3,4620,-76.3
3,4650,-88.7
3,4680,-79.5
3,4710,-87.4
3,4740,-88.7
3,4770,-77.8
3,4800,-87.3
3,4830,-83.2
3,4860,-87.1
3,4890,-86.5
3,4920,-91.5
3,4950,-83.1
3,4980,-88.9
3,5010,-89.3
3,5040,-84.5
3,5070,-84.2
3,5100,-79.5
3,5130,-83.9
3,5160,-93.8
3,5190,-96.5
3,5220,-80.8
3,5250,-83.3
3,5280,-76.8
3,5310,-81.4
3,5340,-79.1
3,5370,-75.6
3,5400,-75.5
3,5430,-89.1
3,5460,-88.6
3,5490,-88.4
3,5520,-83.6
3,5550,-80.5
3,5580,-82.2
3,5610,-91.7
3,5640,-100.9
3,5670,-85.8
3,5700,-83.2
3,5730,-87.9
3,5760,-85.9
3,5790,-79.9
3,5820,-76.9
3,5850,-82.9
3,5880,-90.3
3,5910,-88.8
3,5940,-88.8
3,5970,-81.6
3,6000,-80.8
3,6030,-77.8
3,6060,-84.6
3,6090,-77.9
3,6120,-78.1
3,6150,-76.9
3,6180,-85.9
3,6210,-76.3
3,6240,-80.0
3,6270,-81.4
3,6300,-95.4
3,6330,-84.1
3,6360,-83.6
3,6390,-85.2
3,6420,-84.8
3,6450,-87.6
3,6480,-86.4
3,6510,-85.1
3,6540,-91.2
3,6570,-81.1
3,6600,-88.8
3,6630,-80.5
3,6660,-84.8
3,6690,-83.8
3,6720,-82.0
3,6750,-81.5
3,6780,-88.3
3,6810,-83.2
3,6840,-90.9
3,6870,-78.8
3,6900,-74.1
3,6930,-81.7
3,6960,-88.3
3,6990,-81.6
3,7020,-88.1
3,7050,-76.0
3,7080,-88.4
3,7110,-87.0
3,7140,-92.9
3,7170,-92.6
4,0,-81.2
4,30,-84.3
4,60,-94.9
4,90,-87.4
4,120,-85.8
4,150,-95.0
4,180,-81.2
4,210,-85.5
4,240,-87.6
4,270,-87.4
4,300,-85.9
4,330,-84.3
4,360,-92.7
4,390,-88.7
4,420,-90.0
4,450,-82.6
4,480,-86.5
4,510,-96.8
4,540,-83.5
4,570,-87.3
4,600,-92.9
4,630,-90.4
4,660,-85.1
4,690,-86.7
4,720,-85.0
4,750,-88.3
4,780,-84.9
4,810,-85.7
4,840,-92.7
4,870,-91.9
4,900,-91.2
4,930,-84.7
4,960,-85.3
4,990,-85.9
4,1020,-80.8
4,1050,-82.2
4,1080,-84.6
4,1110,-92.9
4,1140,-87.2
4,1170,-88.6
4,1200,-96.3
4,1230,-80.4
4,1260,-92.8
4,1290,-88.0
4,1320,-78.8
4,1350,-91.2
4,1380,-77.9
4,1410,-83.5
4,1440,-74.1
4,1470,-90.1
4,1500,-85.9
4,1530,-86.9
4,1560,-74.9
4,1590,-82.9
4,1620,-82.8
4,1650,-91.4
4,1680,-80.4
4,1710,-83.9
4,1740,-91.9
4,1770,-89.0
4,1800,-81.8
4,1830,-90.4
4,1860,-83.5
4,1890,-92.7
4,1920,-88.5
4,1950,-79.9
4,1980,-85.0
4,2010,-84.6
4,2040,-82.1
4,2070,-77.8
4,2100,-92.8
4,2130,-89.5
4,2160,-88.8
4,2190,-85.0
4,2220,-83.8
4,2250,-85.8
4,2280,-85.3
4,2310,-85.7
4,2340,-80.1
4,2370,-81.2
4,2400,-81.6
4,2430,-90.7
4,2460,-85.5
4,2490,-91.0
4,2520,-90.5
4,2550,-79.7
4,2580,-86.3
4,2610,-80.3
4,2640,-92.9
4,2670,-75.5
4,2700,-87.7
4,2730,-87.6
4,2760,-85.0
4,2790,-85.4
4,2820,-87.6
4,2850,-91.6
4,2880,-89.2
4,2910,-82.6
4,2940,-89.5
4,2970,-71.7
4,3000,-54.3
4,3030,-34.9
4,3060,-30.0
4,3090,-82.9
4,3120,-80.2
4,3150,-90.5
4,3180,-85.5
4,3210,-79.3
4,3240,-78.7
4,3270,-88.4
4,3300,-80.9
4,3330,-81.3
4,3360,-84.7
4,3390,-91.7
4,3420,-85.7
4,3450,-88.4
4,3480,-86.9
4,3510,-78.7
4,3540,-83.4
4,3570,-92.5
4,3600,-88.6
4,3630,-87.2
4,3660,-87.4
4,3690,-89.6
4,3720,-83.7
4,3750,-89.7
4,3780,-82.8
4,3810,-91.4
4,3840,-92.8
4,3870,-82.6
4,3900,-88.0
4,3930,-87.4
4,3960,-99.1
4,3990,-77.2
4,4020,-73.0
4,4050,-84.0
4,4080,-86.4
4,4110,-81.6
4,4140,-79.0
4,4170,-84.8
4,4200,-92.8
4,4230,-91.2
4,4260,-87.6
4,4290,-89.6
4,4320,-81.9
4,4350,-83.7
4,4380,-73.7
4,4410,-88.5
4,4440,-89.3
4,4470,-84.7
4,4500,-83.5
4,4530,-84.8
4,4560,-89.7
4,4590,-86.5
4,4620,-81.7
4,4650,-80.2
4,4680,-79.2
4,4710,-83.5
4,4740,-92.9
4,4770,-86.8
4,4800,-81.3
4,4830,-85.2
4,4860,-82.9
4,4890,-78.9
4,4920,-95.6
4,4950,-89.9
4,4980,-76.2
4,5010,-87.5
4,5040,-95.7
4,5070,-97.1
4,5100,-88.9
4,5130,-86.1
4,5160,-87.8
4,5190,-84.3
4,5220,-88.3
4,5250,-71.4
4,5280,-83.7
4,5310,-89.8
4,5340,-92.1
4,5370,-89.4
4,5400,-89.6
4,5430,-83.0
4,5460,-97.7
4,5490,-74.5
4,5520,-82.6
4,5550,-83.3
4,5580,-81.9
4,5610,-91.3
4,5640,-82.6
4,5670,-80.6
4,5700,-81.3
4,5730,-90.5
4,5760,-85.1
4,5790,-87.6
4,5820,-76.4
4,5850,-90.9
4,5880,-81.7
4,5910,-89.5
4,5940,-85.5
4,5970,-87.8
4,6000,-89.9
4,6030,-76.6
4,6060,-82.0
4,6090,-84.3
4,6120,-82.1
4,6150,-84.2
4,6180,-83.3
4,6210,-86.1
4,6240,-84.5
4,6270,-86.4
4,6300,-85.5
4,6330,-79.4
4,6360,-82.2
4,6390,-84.5
4,6420,-79.4
4,6450,-78.4
4,6480,-85.3
4,6510,-90.7
4,6540,-77.4
4,6570,-87.6
4,6600,-88.4
4,6630,-87.6
4,6660,-83.7
4,6690,-85.4
4,6720,-89.1
4,6750,-86.1
4,6780,-82.1
4,6810,-83.7
4,6840,-85.9
4,6870,-87.0
4,6900,-82.6
4,6930,-84.8
4,6960,-88.8
4,6990,-88.7
4,7020,-86.6
4,7050,-83.1
4,7080,-80.6
4,7110,-82.4
4,7140,-75.2
4,7170,-60.5
5,0,-92.4
5,30,-94.4
5,60,-84.0
5,90,-85.0
5,120,-88.5
5,150,-83.2
5,180,-77.2
5,210,-87.2
5,240,-86.4
5,270,-87.6
5,300,-93.2
5,330,-87.3
5,360,-91.8
5,390,-80.6
5,420,-88.8
5,450,-81.6
5,480,-71.6
5,510,-83.0
5,540,-82.9
5,570,-80.8
5,600,-81.0
5,630,-73.6
5,660,-57.4
5,690,-42.5
5,720,-38.9
5,750,-78.1
5,780,-83.6
5,810,-87.6
5,840,-86.5
5,870,-92.8
5,900,-82.7
5,930,-92.8
5,960,-81.5
5,990,-82.7
5,1020,-87.8
5,1050,-84.9
5,1080,-83.9
5,1110,-93.8
5,1140,-86.9
5,1170,-87.6
5,1200,-83.1
5,1230,-84.5
5,1260,-87.2
5,1290,-88.8
5,1320,-80.7
5,1350,-77.7
5,1380,-87.4
5,1410,-93.0
5,1440,-87.9
5,1470,-83.2
5,1500,-73.7
5,1530,-87.0
5,1560,-89.7
5,1590,-74.5
5,1620,-58.4
5,1650,-50.0
5,1680,-30.6
5,1710,-86.2
5,1740,-86.4
5,1770,-70.8
5,1800,-85.7
5,1830,-83.6
5,1860,-84.0
5,1890,-85.6
5,1920,-88.0
5,1950,-79.4
5,1980,-84.3
5,2010,-78.6
5,2040,-84.2
5,2070,-78.1
5,2100,-85.2
5,2130,-78.4
5,2160,-81.0
5,2190,-83.2
5,2220,-82.5
5,2250,-78.5
5,2280,-89.9
5,2310,-82.4
5,2340,-85.5
5,2370,-82.6
5,2400,-87.5
5,2430,-85.2
5,2460,-79.6
5,2490,-91.6
5,2520,-83.0
5,2550,-80.2
5,2580,-84.9
5,2610,-83.1
5,2640,-85.2
5,2670,-88.8
5,2700,-83.8
5,2730,-80.3
5,2760,-86.0
5,2790,-91.8
5,2820,-78.3
5,2850,-90.4
5,2880,-83.1
5,2910,-79.1
5,2940,-89.2
5,2970,-87.0
5,3000,-90.5
5,3030,-80.5
5,3060,-82.7
5,3090,-90.1
5,3120,-79.7
5,3150,-76.2
5,3180,-88.4
5,3210,-78.2
5,3240,-90.9
5,3270,-82.7
5,3300,-85.3
5,3330,-84.9
5,3360,-87.1
5,3390,-76.9
5,3420,-83.6
5,3450,-81.8
5,3480,-80.4
5,3510,-81.4
5,3540,-88.0
5,3570,-79.3
5,3600,-85.9
5,3630,-75.6
5,3660,-80.7
5,3690,-86.8
5,3720,-74.8
5,3750,-93.8
5,3780,-75.6
5,3810,-87.9
5,3840,-85.4
5,3870,-85.4
5,3900,-82.1
5,3930,-83.6
5,3960,-88.8
5,3990,-85.5
5,4020,-85.2
5,4050,-81.3
5,4080,-81.5
5,4110,-85.3
5,4140,-91.5
5,4170,-90.8
5,4200,-88.9
5,4230,-76.2
5,4260,-72.9
5,4290,-54.6
5,4320,-37.8
5,4350,-81.1
5,4380,-93.5
5,4410,-77.9
5,4440,-87.1
5,4470,-93.6
5,4500,-77.5
5,4530,-89.6
5,4560,-80.2
5,4590,-82.4
5,4620,-78.1
5,4650,-79.7
5,4680,-84.4
5,4710,-86.5
5,4740,-87.3
5,4770,-74.5
5,4800,-68.0
5,4830,-53.6
5,4860,-46.4
5,4890,-90.2
5,4920,-89.4
5,4950,-82.4
5,4980,-79.4
5,5010,-85.9
5,5040,-82.5
5,5070,-85.3
5,5100,-77.1
5,5130,-74.4
5,5160,-81.2
5,5190,-80.7
5,5220,-90.5
5,5250,-82.0
5,5280,-83.9
5,5310,-88.6
5,5340,-84.4
5,5370,-86.1
5,5400,-80.9
5,5430,-93.3
5,5460,-84.9
5,5490,-81.4
5,5520,-91.3
5,5550,-85.8
5,5580,-84.5
5,5610,-86.9
5,5640,-87.6
5,5670,-88.3
5,5700,-81.4
5,5730,-84.0
5,5760,-82.5
5,5790,-80.4
5,5820,-78.7
5,5850,-78.1
5,5880,-80.8
5,5910,-76.2
5,5940,-94.0
5,5970,-82.3
5,6000,-82.7
5,6030,-96.9
5,6060,-84.2
5,6090,-89.9
5,6120,-89.7
5,6150,-87.3
5,6180,-83.0
5,6210,-91.2
5,6240,-76.0
5,6270,-89.5
5,6300,-83.8
5,6330,-88.0
5,6360,-85.5
5,6390,-96.7
5,6420,-85.9
5,6450,-80.1
5,6480,-85.2
5,6510,-81.0
5,6540,-80.1
5,6570,-92.0
5,6600,-90.4
5,6630,-86.8
5,6660,-82.7
5,6690,-73.7
5,6720,-92.1
5,6750,-81.3
5,6780,-86.5
5,6810,-86.9
5,6840,-83.7
5,6870,-89.7
5,6900,-90.3
5,6930,-83.9
5,6960,-87.1
5,6990,-87.7
5,7020,-83.9
5,7050,-87.0
5,7080,-81.4
5,7110,-86.1
5,7140,-97.9
5,7170,-89.9
6,0,-85.1
6,30,-90.2
6,60,-88.3
6,90,-85.6
6,120,-77.1
6,150,-76.3
6,180,-88.4
6,210,-79.1
6,240,-90.3
6,270,-82.7
6,300,-81.9
6,330,-78.1
6,360,-86.2
6,390,-81.2
6,420,-87.4
6,450,-83.5
6,480,-87.6
6,510,-89.3
6,540,-77.9
6,570,-91.9
6,600,-91.9
6,630,-83.4
6,660,-84.7
6,690,-94.8
6,720,-81.2
6,750,-95.0
6,780,-84.6
6,810,-76.7
6,840,-86.5
6,870,-91.2
6,900,-85.1
6,930,-69.2
6,960,-62.4
6,990,-53.2
6,1020,-84.1
6,1050,-87.9
6,1080,-84.3
6,1110,-81.7
6,1140,-90.3
6,1170,-82.6
6,1200,-87.0
6,1230,-84.5
6,1260,-80.8
6,1290,-87.9
6,1320,-79.3
6,1350,-80.1
6,1380,-82.4
6,1410,-80.4
6,1440,-84.4
6,1470,-74.8
6,1500,-78.0
6,1530,-89.9
6,1560,-75.9
6,1590,-80.4
6,1620,-82.0
6,1650,-96.8
6,1680,-91.4
6,1710,-86.3
6,1740,-89.4
6,1770,-72.3
6,1800,-86.4
6,1830,-92.4
6,1860,-79.1
6,1890,-82.6
6,1920,-88.6
6,1950,-93.2
6,1980,-87.2
6,2010,-89.4
6,2040,-84.3
6,2070,-86.7
6,2100,-86.3
6,2130,-91.8
6,2160,-75.3
6,2190,-77.5
6,2220,-80.8
6,2250,-93.4
6,2280,-81.9
6,2310,-87.6
6,2340,-84.5
6,2370,-71.0
6,2400,-70.3
6,2430,-50.7
6,2460,-88.8
6,2490,-82.9
6,2520,-80.7
6,2550,-77.7
6,2580,-87.9
6,2610,-90.9
6,2640,-81.5
6,2670,-83.2
6,2700,-81.4
6,2730,-95.0
6,2760,-85.9
6,2790,-80.4
6,2820,-85.9
6,2850,-82.5
6,2880,-80.4
6,2910,-80.5
6,2940,-82.2
6,2970,-80.7
6,3000,-86.7
6,3030,-76.7
6,3060,-78.8
6,3090,-75.8
6,3120,-82.2
6,3150,-88.6
6,3180,-79.7
6,3210,-81.0
6,3240,-78.0
6,3270,-86.3
6,3300,-88.9
6,3330,-87.9
6,3360,-92.3
6,3390,-76.6
6,3420,-86.8
6,3450,-79.7
6,3480,-85.7
6,3510,-82.1
6,3540,-79.8
6,3570,-83.4
6,3600,-83.4
6,3630,-88.9
6,3660,-81.7
6,3690,-91.7
6,3720,-88.8
6,3750,-84.7
6,3780,-89.2
6,3810,-87.8
6,3840,-77.0
6,3870,-84.9
6,3900,-79.9
6,3930,-83.4
6,3960,-87.3
6,3990,-81.3
6,4020,-79.1
6,4050,-80.3
6,4080,-87.0
6,4110,-81.1
6,4140,-90.2
6,4170,-85.2
6,4200,-81.1
6,4230,-86.2
6,4260,-98.0
6,4290,-91.3
6,4320,-83.3
6,4350,-80.0
6,4380,-77.6
6,4410,-88.4
6,4440,-73.7
6,4470,-86.4
6,4500,-85.9
6,4530,-66.2
6,4560,-61.5
6,4590,-42.9
6,4620,-77.5
6,4650,-79.9
6,4680,-86.2
6,4710,-93.9
6,4740,-87.2
6,4770,-92.9
6,4800,-84.5
6,4830,-85.9
6,4860,-84.4
6,4890,-86.4
6,4920,-78.6
6,4950,-78.1
6,4980,-85.6
6,5010,-92.6
6,5040,-78.6
6,5070,-87.1
6,5100,-78.2
6,5130,-89.5
6,5160,-88.9
6,5190,-71.3
6,5220,-53.9
6,5250,-44.1
6,5280,-86.7
6,5310,-79.5
6,5340,-77.3
6,5370,-90.8
6,5400,-88.0
6,5430,-90.3
6,5460,-81.7
6,5490,-79.0
6,5520,-80.7
6,5550,-79.0
6,5580,-83.1
6,5610,-83.1
6,5640,-79.3
6,5670,-75.1
6,5700,-86.5
6,5730,-77.9
6,5760,-81.4
6,5790,-81.8
6,5820,-90.4
6,5850,-82.7
6,5880,-88.1
6,5910,-83.5
6,5940,-75.6
6,5970,-77.5
6,6000,-78.2
6,6030,-81.4
6,6060,-88.9
6,6090,-85.2
6,6120,-83.7
6,6150,-83.2
6,6180,-87.9
6,6210,-86.0
6,6240,-78.8
6,6270,-86.4
6,6300,-85.9
6,6330,-87.1
6,6360,-78.5
6,6390,-80.8
6,6420,-82.7
6,6450,-86.4
6,6480,-78.1
6,6510,-80.0
6,6540,-79.4
6,6570,-83.9
6,6600,-79.6
6,6630,-89.4
6,6660,-82.4
6,6690,-100.0
6,6720,-84.4
6,6750,-84.8
6,6780,-91.5
6,6810,-77.9
6,6840,-87.7
6,6870,-94.6
6,6900,-77.9
6,6930,-92.1
6,6960,-82.6
6,6990,-76.0
6,7020,-88.6
6,7050,-86.0
6,7080,-75.3
6,7110,-57.2
6,7140,-50.0
6,7170,-43.8
7,0,-82.3
7,30,-88.5
7,60,-75.8
7,90,-84.2
7,120,-86.9
7,150,-81.2
7,180,-80.8
7,210,-88.3
7,240,-71.7
7,270,-86.6
7,300,-83.4
7,330,-89.6
7,360,-91.3
7,390,-84.5
7,420,-88.0
7,450,-83.6
7,480,-81.7
7,510,-84.7
7,540,-86.0
7,570,-93.0
7,600,-75.3
7,630,-83.2
7,660,-88.3
7,690,-83.0
7,720,-83.5
7,750,-87.6
7,780,-86.3
7,810,-78.3
7,840,-91.3
7,870,-88.7
7,900,-79.9
7,930,-76.0
7,960,-90.9
7,990,-84.2
7,1020,-84.6
7,1050,-94.5
7,1080,-83.7
7,1110,-89.5
7,1140,-85.2
7,1170,-89.4
7,1200,-88.2
7,1230,-81.6
7,1260,-79.0
7,1290,-83.2
7,1320,-81.9
7,1350,-91.3
7,1380,-85.9
7,1410,-95.5
7,1440,-75.7
7,1470,-73.0
7,1500,-68.0
7,1530,-66.0
7,1560,-64.1
7,1590,-79.1
7,1620,-82.7
7,1650,-84.5
7,1680,-78.6
7,1710,-87.2
7,1740,-91.6
7,1770,-87.2
7,1800,-81.9
7,1830,-79.4
7,1860,-85.1
7,1890,-87.4
7,1920,-95.8
7,1950,-85.6
7,1980,-83.3
7,2010,-85.8
7,2040,-76.9
7,2070,-86.0
7,2100,-85.2
7,2130,-80.6
7,2160,-80.1
7,2190,-84.3
7,2220,-80.8
7,2250,-75.7
7,2280,-88.8
7,2310,-86.7
7,2340,-87.7
7,2370,-81.3
7,2400,-85.7
7,2430,-72.5
7,2460,-87.8
7,2490,-91.5
7,2520,-87.1
7,2550,-83.3
7,2580,-85.5
7,2610,-84.8
7,2640,-89.7
7,2670,-83.8
7,2700,-96.4
7,2730,-85.6
7,2760,-90.0
7,2790,-80.6
7,2820,-80.6
7,2850,-84.7
7,2880,-90.2
7,2910,-80.5
7,2940,-91.1
7,2970,-85.1
7,3000,-87.4
7,3030,-97.2
7,3060,-88.4
7,3090,-78.9
7,3120,-97.8
7,3150,-81.7
7,3180,-77.1
7,3210,-85.2
7,3240,-82.0
7,3270,-85.5
7,3300,-87.0
7,3330,-87.1
7,3360,-81.8
7,3390,-86.6
7,3420,-88.2
7,3450,-95.0
7,3480,-84.4
7,3510,-81.0
7,3540,-100.3
7,3570,-83.6
7,3600,-76.3
7,3630,-85.7
7,3660,-85.5
7,3690,-80.0
7,3720,-82.2
7,3750,-86.9
7,3780,-88.3
7,3810,-84.6
7,3840,-82.9
7,3870,-83.5
7,3900,-90.3
7,3930,-84.1
7,3960,-85.4
7,3990,-86.7
7,4020,-83.2
7,4050,-89.8
7,4080,-95.5
7,4110,-84.4
7,4140,-82.6
7,4170,-72.0
7,4200,-67.2
7,4230,-50.9
7,4260,-77.7
7,4290,-74.0
7,4320,-77.7
7,4350,-77.0
7,4380,-86.0
7,4410,-87.9
7,4440,-82.5
7,4470,-90.4
7,4500,-80.0
7,4530,-86.1
7,4560,-77.5
7,4590,-87.3
7,4620,-84.7
7,4650,-79.3
7,4680,-88.0
7,4710,-89.3
7,4740,-87.4
7,4770,-78.5
7,4800,-84.7
7,4830,-90.0
7,4860,-87.0
7,4890,-88.4
7,4920,-76.8
7,4950,-86.8
7,4980,-85.9
7,5010,-87.8
7,5040,-83.4
7,5070,-82.9
7,5100,-86.5
7,5130,-82.5
7,5160,-90.6
7,5190,-93.8
7,5220,-80.1
7,5250,-84.0
7,5280,-82.5
7,5310,-92.6
7,5340,-81.6
7,5370,-81.7
7,5400,-88.0
7,5430,-85.2
7,5460,-73.8
7,5490,-63.9
7,5520,-50.8
7,5550,-43.1
7,5580,-82.8
7,5610,-80.8
7,5640,-81.9
7,5670,-93.7
7,5700,-85.8
7,5730,-74.3
7,5760,-90.6
7,5790,-86.9
7,5820,-80.6
7,5850,-93.0
7,5880,-91.1
7,5910,-82.9
7,5940,-83.0
7,5970,-79.3
7,6000,-84.3
7,6030,-87.6
7,6060,-81.3
7,6090,-79.5
7,6120,-93.9
7,6150,-81.9
7,6180,-84.8
7,6210,-81.7
7,6240,-85.1
7,6270,-88.8
7,6300,-87.5
7,6330,-88.7
7,6360,-87.4
7,6390,-89.7
7,6420,-85.4
7,6450,-80.4
7,6480,-80.2
7,6510,-75.7
7,6540,-61.9
7,6570,-79.2
7,6600,-85.0
7,6630,-90.9
7,6660,-87.1
7,6690,-89.1
7,6720,-91.1
7,6750,-85.4
7,6780,-85.1
7,6810,-89.7
7,6840,-83.0
7,6870,-85.0
7,6900,-80.7
7,6930,-82.3
7,6960,-83.0
7,6990,-86.2
7,7020,-83.7
7,7050,-88.6
7,7080,-78.3
7,7110,-84.7
7,7140,-87.3
7,7170,-86.7
8,0,-84.6
8,30,-83.9
8,60,-82.0
8,90,-83.4
8,120,-88.4
8,150,-85.3
8,180,-90.2
8,210,-87.2
8,240,-85.6
8,270,-87.9
8,300,-80.1
8,330,-84.1
8,360,-83.4
8,390,-82.1
8,420,-84.7
8,450,-84.2
8,480,-65.7
8,510,-56.0
8,540,-42.8
8,570,-86.2
8,600,-81.4
8,630,-81.4
8,660,-92.2
8,690,-87.4
8,720,-90.3
8,750,-82.8
8,780,-89.7
8,810,-88.4
8,840,-83.1
8,870,-87.6
8,900,-81.0
8,930,-87.4
8,960,-88.6
8,990,-87.7
8,1020,-84.1
8,1050,-85.5
8,1080,-101.3
8,1110,-82.6
8,1140,-83.1
8,1170,-84.4
8,1200,-88.7
8,1230,-87.9
8,1260,-91.9
8,1290,-91.8
8,1320,-85.8
8,1350,-91.1
8,1380,-86.0
8,1410,-79.9
8,1440,-86.8
8,1470,-85.3
8,1500,-86.2
8,1530,-97.2
8,1560,-86.3
8,1590,-81.1
8,1620,-95.7
8,1650,-88.9
8,1680,-89.4
8,1710,-79.7
8,1740,-75.3
8,1770,-77.7
8,1800,-85.9
8,1830,-74.3
8,1860,-72.9
8,1890,-84.7
8,1920,-84.0
8,1950,-85.4
8,1980,-83.1
8,2010,-73.7
8,2040,-60.3
8,2070,-49.0
8,2100,-79.6
8,2130,-86.2
8,2160,-81.5
8,2190,-83.2
8,2220,-91.0
8,2250,-76.5
8,2280,-83.5
8,2310,-92.7
8,2340,-85.3
8,2370,-77.5
8,2400,-79.0
8,2430,-93.6
8,2460,-87.6
8,2490,-86.6
8,2520,-85.0
8,2550,-83.2
8,2580,-86.3
8,2610,-75.7
8,2640,-85.2
8,2670,-84.4
8,2700,-86.9
8,2730,-78.9
8,2760,-88.0
8,2790,-90.5
8,2820,-87.7
8,2850,-77.4
8,2880,-86.6
8,2910,-76.6
8,2940,-87.5
8,2970,-90.0
8,3000,-74.2
8,3030,-72.8
8,3060,-88.2
8,3090,-85.7
8,3120,-85.8
8,3150,-86.8
8,3180,-86.2
8,3210,-81.8
8,3240,-88.5
8,3270,-84.3
8,3300,-81.6
8,3330,-77.8
8,3360,-78.8
8,3390,-85.8
8,3420,-81.9
8,3450,-86.5
8,3480,-86.5
8,3510,-80.4
8,3540,-80.2
8,3570,-88.9
8,3600,-85.6
8,3630,-84.1
8,3660,-81.2
8,3690,-78.1
8,3720,-83.0
8,3750,-85.9
8,3780,-85.6
8,3810,-75.5
8,3840,-84.9
8,3870,-70.7
8,3900,-90.2
8,3930,-82.2
8,3960,-87.9
8,3990,-92.0
8,4020,-81.4
8,4050,-83.1
8,4080,-70.5
8,4110,-59.6
8,4140,-45.4
8,4170,-25.7
8,4200,-86.6
8,4230,-83.3
8,4260,-80.5
8,4290,-89.0
8,4320,-86.1
8,4350,-82.6
8,4380,-80.1
8,4410,-83.7
8,4440,-94.9
8,4470,-84.5
8,4500,-88.6
8,4530,-86.8
8,4560,-80.3
8,4590,-93.5
8,4620,-86.0
8,4650,-80.2
8,4680,-89.2
8,4710,-86.4
8,4740,-92.8
8,4770,-85.9
8,4800,-94.1
8,4830,-89.3
8,4860,-94.8
8,4890,-91.3
8,4920,-87.7
8,4950,-87.5
8,4980,-83.4
8,5010,-86.4
8,5040,-95.2
8,5070,-92.2
8,5100,-87.2
8,5130,-94.6
8,5160,-77.0
8,5190,-82.5
8,5220,-80.9
8,5250,-87.9
8,5280,-81.9
8,5310,-88.0
8,5340,-80.8
8,5370,-79.7
8,5400,-82.4
8,5430,-87.8
8,5460,-90.8
8,5490,-83.3
8,5520,-92.6
8,5550,-88.5
8,5580,-90.1
8,5610,-79.9
8,5640,-86.3
8,5670,-89.4
8,5700,-88.0
8,5730,-84.6
8,5760,-88.6
8,5790,-88.7
8,5820,-88.2
8,5850,-85.0
8,5880,-85.2
8,5910,-78.3
8,5940,-74.6
8,5970,-87.6
8,6000,-85.9
8,6030,-86.7
8,6060,-86.7
8,6090,-97.7
8,6120,-83.6
8,6150,-90.0
8,6180,-81.1
8,6210,-87.4
8,6240,-93.9
8,6270,-80.0
8,6300,-84.6
8,6330,-90.4
8,6360,-84.5
8,6390,-73.0
8,6420,-81.4
8,6450,-87.2
8,6480,-84.4
8,6510,-85.1
8,6540,-79.8
8,6570,-85.2
8,6600,-81.4
8,6630,-85.2
8,6660,-87.8
8,6690,-83.3
8,6720,-88.9
8,6750,-87.2
8,6780,-84.7
8,6810,-84.6
8,6840,-83.2
8,6870,-90.2
8,6900,-85.3
8,6930,-91.0
8,6960,-88.3
8,6990,-85.5
8,7020,-79.5
8,7050,-88.9
8,7080,-98.3
8,7110,-85.7
8,7140,-85.1
8,7170,-87.1
9,0,-84.8
9,30,-93.4
9,60,-93.9
9,90,-81.4
9,120,-85.6
9,150,-84.8
9,180,-80.8
9,210,-83.7
9,240,-84.6
9,270,-91.2
9,300,-84.0
9,330,-85.7
9,360,-82.2
9,390,-79.9
9,420,-93.6
9,450,-92.8
9,480,-87.3
9,510,-93.5
9,540,-83.3
9,570,-80.3
9,600,-91.8
9,630,-83.2
9,660,-81.4
9,690,-82.4
9,720,-86.4
9,750,-86.1
9,780,-82.5
9,810,-83.9
9,840,-89.0
9,870,-83.4
9,900,-83.4
9,930,-86.2
9,960,-89.8
9,990,-86.6
9,1020,-75.5
9,1050,-85.3
9,1080,-87.4
9,1110,-81.7
9,1140,-85.7
9,1170,-87.4
9,1200,-86.7
9,1230,-80.7
9,1260,-78.4
9,1290,-79.2
9,1320,-84.5
9,1350,-83.9
9,1380,-65.4
9,1410,-55.7
9,1440,-37.7
9,1470,-75.9
9,1500,-88.5
9,1530,-92.0
9,1560,-77.5
9,1590,-80.9
9,1620,-75.9
9,1650,-86.6
9,1680,-78.8
9,1710,-86.4
9,1740,-78.4
9,1770,-85.0
9,1800,-92.1
9,1830,-76.8
9,1860,-84.0
9,1890,-80.4
9,1920,-86.8
9,1950,-79.8
9,1980,-92.8
9,2010,-83.1
9,2040,-82.2
9,2070,-84.5
9,2100,-92.4
9,2130,-85.6
9,2160,-85.1
9,2190,-81.4
9,2220,-86.1
9,2250,-84.6
9,2280,-84.1
9,2310,-81.8
9,2340,-87.7
9,2370,-93.1
9,2400,-90.1
9,2430,-86.5
9,2460,-90.3
9,2490,-76.3
9,2520,-82.8
9,2550,-83.6
9,2580,-89.5
9,2610,-76.9
9,2640,-88.9
9,2670,-83.8
9,2700,-79.8
9,2730,-83.6
9,2760,-82.7
9,2790,-82.5
9,2820,-76.3
9,2850,-86.0
9,2880,-88.1
9,2910,-87.2
9,2940,-87.0
9,2970,-87.0
9,3000,-87.2
9,3030,-86.0
9,3060,-82.2
9,3090,-84.0
9,3120,-80.0
9,3150,-93.9
9,3180,-84.5
9,3210,-86.2
9,3240,-85.2
9,3270,-79.1
9,3300,-81.9
9,3330,-77.5
9,3360,-82.1
9,3390,-88.3
9,3420,-78.4
9,3450,-87.6
9,3480,-84.6
9,3510,-78.7
9,3540,-91.6
9,3570,-83.9
9,3600,-91.6
9,3630,-81.2
9,3660,-86.2
9,3690,-77.6
9,3720,-85.8
9,3750,-83.5
9,3780,-80.2
9,3810,-83.2
9,3840,-83.2
9,3870,-80.0
9,3900,-83.5
9,3930,-93.0
9,3960,-85.3
9,3990,-83.5
9,4020,-88.0
9,4050,-89.0
9,4080,-87.5
9,4110,-82.9
9,4140,-90.4
9,4170,-94.5
9,4200,-90.4
9,4230,-79.8
9,4260,-85.5
9,4290,-74.4
9,4320,-90.7
9,4350,-86.5
9,4380,-93.6
9,4410,-88.2
9,4440,-95.3
9,4470,-86.5
9,4500,-84.5
9,4530,-86.0
9,4560,-81.5
9,4590,-84.9
9,4620,-89.8
9,4650,-90.6
9,4680,-89.0
9,4710,-78.3
9,4740,-84.4
9,4770,-82.0
9,4800,-86.1
9,4830,-78.6
9,4860,-87.1
9,4890,-90.7
9,4920,-84.2
9,4950,-86.7
9,4980,-86.1
9,5010,-95.5
9,5040,-86.6
9,5070,-83.3
9,5100,-85.8
9,5130,-89.5
9,5160,-73.1
9,5190,-90.5
9,5220,-83.7
9,5250,-85.3
9,5280,-82.6
9,5310,-85.1
9,5340,-90.0
9,5370,-88.4
9,5400,-77.9
9,5430,-83.4
9,5460,-78.8
9,5490,-82.0
9,5520,-85.6
9,5550,-90.7
9,5580,-82.9
9,5610,-91.7
9,5640,-85.5
9,5670,-90.1
9,5700,-83.9
9,5730,-85.7
9,5760,-86.1
9,5790,-83.0
9,5820,-78.3
9,5850,-95.2
9,5880,-79.6
9,5910,-86.3
9,5940,-85.3
9,5970,-96.7
9,6000,-84.6
9,6030,-87.0
9,6060,-93.3
9,6090,-81.0
9,6120,-80.8
9,6150,-80.9
9,6180,-76.3
9,6210,-81.6
9,6240,-80.4
9,6270,-82.1
9,6300,-95.4
9,6330,-83.3
9,6360,-83.7
9,6390,-80.5
9,6420,-85.8
9,6450,-76.9
9,6480,-86.9
9,6510,-81.9
9,6540,-87.7
9,6570,-89.3
9,6600,-78.9
9,6630,-81.6
9,6660,-90.8
9,6690,-74.0
9,6720,-91.6
9,6750,-78.1
9,6780,-90.8
9,6810,-85.6
9,6840,-86.4
9,6870,-87.3
9,6900,-84.8
9,6930,-93.1
9,6960,-91.5
9,6990,-84.7
9,7020,-90.7
9,7050,-88.9
9,7080,-79.7
9,7110,-75.9
9,7140,-62.5
9,7170,-54.5
